game_title,game_description
Alan_Wake_2,"Action thriller set in a bizarre reality-shifting narrative."
Apex_Legends,"Fast-paced hero shooter featuring squad tactics and legendary legends."
Assassins_Creed,"Open-world stealth action through rich historical eras and hidden blades."
Baldurs_Gate_3,"Party-based RPG with deep choices, turn-based combat, and branching stories."
Black_Myth_Wukong,"Myth-inspired action RPG inspired by Journey to the West."
CS_GO,"Competitive first-person shooter focused on tactics, aim, and teamwork."
Cyberpunk_2077,"A dystopian open-world RPG with story-driven cyberpunk adventures."
Destiny_2,"Online looter shooter with raids, missions, and evolving worlds."
Elden_Ring,"High-fantasy action RPG known for challenging combat and exploration."
Fortnite,"Battle royale with building, modes, and colorful seasonal events."
GTA_V,"Open-world crime sandbox with missions, chaos, and a huge world to explore."
Genshin_Impact,"Anime-style open-world adventure with elemental combat and characters."
God_of_War,"Cinematic action-adventure following Kratos’ mythic journey."
Helldivers_2,"Co-op wave shooter where you fight for super earth across hellish planets."
Hogwarts_Legacy,"Explore Hogwarts and master spells in a magical open-world RPG."
Horizon_Zero_Dawn,"Post-apocalyptic action RPG with machine hunter battles and deep lore."
League_Of_Legends,"Team strategy MOBA with champions, lanes, and high-level tactics."
Lies_of_P,"Dark Pinocchio-inspired soulslike with weapon customization and tense fights."
Minecraft,"Creative and survival sandbox with building, crafting, and endless worlds."
Overwatch,"Team-based FPS with roles, abilities, and objective-based gameplay."
PUBG,"Tactical battle royale emphasizing realism, positioning, and survival."
Palworld,"Creature-collection survival game with base building and battling pals."
Rainbow_Six_Siege,"Tactical multiplayer shooter with destructible environments and operator gadgets."
Red_Dead_Redemption_2,"Epic western narrative with immersive world and story-driven missions."
Remnant_2,"Co-op action RPG with deadly worlds, weapons, and boss fights."
Rocket_League,"Arcade soccer with cars—quick matches and skill-based aerial plays."
Spider_Man,"Superhero action adventure swinging through a detailed city."
Spider_Man_Remastered,"Enhanced superhero action adventure with improved visuals and performance."
The_Witcher_3,"Open-world RPG with monster hunting, meaningful choices, and unforgettable quests."
Valorant,"Competitive tactical FPS focused on agents, abilities, and precise gunplay."
Warzone,"Massive battle royale with intense firefights and loadout strategy."
