game_title,cpu_score,gpu_score,ram_score,gpu_vram_gb,storage_ssd,res_width,res_height,graphics_preset,shadow_quality,texture_quality,anti_aliasing,vsync,performance_mode,expected_fps
Cyberpunk2077,19700,17500,4000,12,1,1920,1080,High,High,High,TAA,Off,0,68.4
Cyberpunk2077,22500,18100,4000,12,1,1920,1080,Ultra,High,Ultra,TAA,Off,1,74.5
Cyberpunk2077,25200,24500,5500,10,1,2560,1440,Ultra,High,Ultra,TAA,On,1,82.1
Cyberpunk2077,19700,11000,2500,6,0,1920,1080,Medium,Medium,Medium,FXAA,Off,-1,59.5
GTA_V,19700,11000,2500,6,0,1920,1080,Medium,Medium,Medium,FXAA,Off,0,82.0
GTA_V,14200,9000,2500,4,0,1280,720,Low,Low,Low,Off,Off,0,95.0
GTA_V,29000,24500,5500,10,1,2560,1440,Ultra,High,Ultra,TAA,On,1,120.2
Fortnite,17800,14000,3500,6,1,1920,1080,High,Medium,High,FXAA,Off,0,120.3
Fortnite,14200,9000,2500,4,0,1280,720,Low,Low,Low,Off,Off,-1,95.0
Fortnite,19700,17500,4000,12,1,2560,1440,Ultra,High,High,TAA,Off,1,130.4
Valorant,14200,9000,2500,4,0,1920,1080,Medium,Medium,Medium,Off,Off,0,170.2
Valorant,19700,17500,4000,12,1,2560,1440,High,High,High,TAA,Off,1,230.7
Valorant,34900,38500,7500,24,1,3840,2160,Ultra,Ultra,Ultra,TAA,On,1,280.3
EldenRing,22500,18100,4000,12,1,1920,1080,High,High,High,TAA,Off,0,82.7
EldenRing,25200,24500,5500,10,1,2560,1440,Ultra,High,Ultra,TAA,On,1,97.5
EldenRing,17800,14000,3500,6,0,1920,1080,Medium,Medium,Medium,FXAA,Off,-1,65.0
AssassinsCreed,19700,17500,4000,12,1,1920,1080,High,High,High,TAA,Off,0,78.9
AssassinsCreed,25200,24500,5500,10,1,2560,1440,Ultra,High,Ultra,TAA,On,1,92.4
AssassinsCreed,22500,18100,4000,12,0,1920,1080,Medium,Medium,High,FXAA,Off,-1,69.2
GenshinImpact,19700,17500,4000,12,1,1920,1080,High,High,High,TAA,Off,0,95.4
